Male;Female;Health conditions;Pharmacy
how to circumcision;how to stop bleeding;how to sleep;how many ibuprofen
how to lower testosterone;how to get rid of yeast infection;how to lower blood pressure;how to take tablets
how to increase testosterone;how to relieve cramps;how long does flu last;how to get a prescription
how to erect penis;how to delay period;how to reduce swelling;how to take antibiotics
how to cure premature ejaculation;how to relieve period cramps fast;how to keto diet;how to take ciprofloxacin
how to shrink prostate;how to strengthen pelvic floor;how to get rid of hiccups;how to take keto pills
how to prevent erectile dysfunction;how to reduce menstrual pain instantly;how to stop snoring;how soon can you refill a prescription
how to lower shbg;how to know if you have pcos;how to stop itching;how to administer trulicity
how do men get thrush;how many tide pods to use;how to stop diarrhea;how to counteract prednisone side effects
how many men get prostate cancer;how long for uterus to shrink after birth;how long can you go without food;how many paracetamol can you take at once
how do i treat a swollen testicle?;how to bring periods;how to get pregnant;how to find pka
how to overcome premature ejaculation problem;how painful are period cramps;how to pass drug test;how to treat a uti without antibiotics
how to lower testosterone levels in women;how to soften your cervix;how to lower cholesterol;how long is amoxicillin liquid good for
how to use cbd oil for erectile dysfunction;how is a hysterectomy performed;how many carbs a day;how to control premature ejaculation without medicine
how to treat impotence;how to ease labor pain;how many calories should i eat;how to treat an upper respiratory infection
what is prostate;what is discharge;what is cancer;what is ibuprofen
what is psa;what is uterus;what is keto;what is antibiotic
what is prostate cancer;what is vaginal;what is diabetes;what is amoxicillin
what is testosterone;what is endometriosis;what is hiv;what is tramadol
what is erectile dysfunction;what is menopause;what is vaccine;what is viagra
what is circumcision;what is white discharge;what is normal blood pressure;what is xanax
what is semen;what is cyst;what is anxiety;what is doxycycline
what is libido;what is yeast infection;what is arthritis;what is adderall
what causes low estrogen;what causes vaginal pain;what is insulin;what is aspirin
what is maca;what happens after an abortion;what is sepsis;what is tylenol
what is prana;what causes hot flashes;what is anemia;what is diclofenac
what is pd;what is amenorrhea;what is tetanus;what is cialis
what is normal psa;what is pcos in women;what are measles;what is tadalafil
what is foreskin;what does a brown discharge mean;what is hpv;what is ritalin
what is sildenafil;what does sticky discharge mean;what is stress;what is pharmacokinetics