Male;Female;Health conditions;Health;Pharmacy
HOW;HOW;HOW;HOW;HOW
how to circumcision;how to stop bleeding;how long does;how to;how many ibuprofen
how to lower testosterone;how to get rid of yeast infection;how to sleep;how many calories;how to take tablets
how to increase testosterone;how to treat yeast infection;how to lower blood pressure;how to sleep;how to get a prescription
how to erect penis;how to relieve cramps;how long does flu last;how to get pregnant;how to take antibiotics
how to cure premature ejaculation;how to cure yeast infection;how to reduce swelling;how to lower blood pressure;minecraft potions
how to shrink prostate;how to delay period;how long does the flu last;how to pass drug test;how to make poison potion
how to boost testosterone;how to relieve period cramps fast;how to keto diet;how much caffeine in coffee;how to make potion of poison
how to write a case study;how to strengthen pelvic floor;how to get rid of hiccups;how to pass a drug test;how to make a splash potion
how to prevent erectile dysfunction;how to reduce menstrual pain instantly;how to stop snoring;how to lower cholesterol;how to make potions in minecraft
how to lower shbg;how to bring periods;how to stop itching;how many carbs a day;how to make invisibility potion
how do i treat a swollen testicle?;how to relax pelvic floor muscles;how to stop diarrhea;how many calories should i eat;how to take ciprofloxacin
how to stretch foreskin fast;how to delay menopause;how to stop hiccups;how long does the flu last;how to take keto pills
how to not premature ejaculation;how to tighten vaginal muscles;how long does a cold last;how to stop snoring;how to make a splash potion of poison
how do men get thrush;how to pair air pods;how to start keto;how to get rid of hiccups;how soon can you refill a prescription
how many men get prostate cancer;how to know if you have pcos;how long is a fortnight;how to stop diarrhea;how to administer trulicity
how to clean an uncircumcised newborn;how to refill alto pods;how long is endgame;how to stop hiccups;how to use gelatine powder
how to lower testosterone levels in women;how many tide pods to use;how long does a cough last;how long does a cold last;how to get a prescription refilled
how common is erectile dysfunction;how to soften your cervix;how long does acid last;how many oz in a pound;how to counteract prednisone side effects
how to pull back foreskin without it hurting;how many tide pods per load;how long does caffeine last;how to reduce cholesterol;how long does it take for adderall to kick in 10mg
how to use cbd oil for erectile dysfunction;how painful are period cramps;how to sleep 8 hours in 4 hours;how long does weed stay in your blood;how many paracetamol can you take at once
how to take viagra 50mg;how old is fitz;how contagious is shingles;how much caffeine in a cup of coffee;how to find pka
how to overcome premature ejaculation problem;how to manage pcos;how long is toy story 4;how long does nicotine stay in your system;how long is amoxicillin liquid good for
how to treat impotence;how is a hysterectomy performed;how to prevent uti;how long does adderall stay in your system;how to control premature ejaculation without medicine
pcos symptoms;how long for uterus to shrink after birth;how long can you go without food;how do you get pink eye;how to treat a uti without antibiotics
how to prevent premature ejaculation by food;how to ease labor pain;how many carbs on keto;how long does cocaine stay in your urine;how to treat an upper respiratory infection
WHAT;WHAT;WHAT;WHAT;WHAT
what is prostate;what is discharge;what is cancer;what causes;what is
what is psa;what is uterus;what is keto;what is cancer;what dose
what is prostate cancer;what is vaginal;what is keto diet;what to expect;what is ibuprofen
what is the prostate;what is endometriosis;what is diabetes;what is keto;what is antibiotic
what is testosterone;what is menopause;what is hiv;what is diabetes;what is amoxicillin
what is erectile dysfunction;what is white discharge;what is vaccine;what is keto diet;what is tramadol
what is a prostate;what is cyst;what is normal blood pressure;what is hiv;what is viagra
what is psa level;what is yeast infection;what is high blood pressure;what causes cancer;what is xanax
what is normal psa;what is a discharge;what is arthritis;what is anxiety;what is doxycycline
what is circumcision;what does white discharge mean;what is insulin;what is discharge;what is adderall
what is maca;what is the uterus;what is sepsis;what is stress;what is aspirin
what does the prostate do;what helps period cramps;what is the keto diet;what is arthritis;what is tylenol
what is foreskin;what is female discharge;what is anemia;what is hpv;what is diclofenac
what is semen;what causes hot flashes;what is hpv;what is normal blood pressure;what is cialis
what is sildenafil;what does a brown discharge mean;what is tetanus;what causes cramps;what is in ibuprofen
what is libido;what does sticky discharge mean;what causes hiccups;what is anemia;what is ritalin
what is high testosterone;what is periods in females;what are measles;what causes back pain;what is diclofenac sodium topical gel
what is prana;what age for menopause;what is lipoma;what is cbd;what is triamcinolone acetonide used for
what is normal psa by age;what are signs of menopause;what is montelukast;what is thc;what is tadalafil
what is normal psa levels;what happens during menopause;what helps nausea;what is edema;what is pharmacokinetics
what causes low estrogen;pcod means what;what is irr;what is serotonin;what is valium used for
what is a dangerous psa level;what is amenorrhea;what is considered high blood pressure;what causes anemia;what antibiotics for ear infection
what is prostate problem;what causes vaginal pain;what cause vertigo;what causes a stroke;what is diclofenac sodium gel used for
what is pd;what is pcos in women;what is urticaria;what causes a headache;what is diclofenac sodium topical gel used for
what is psa test for prostate;what happens after an abortion;what is an egirl;what are measles;what is sucralfate used for